<?xml version="1.0" ?>
<patches>
  <!--NOTE: This is an ** Autogenerated file **-->
  <!--NOTE: Patching is in little endian format, i.e. 0xAABBCCDD will look like DD CC BB AA in the file or on disk-->
  <!--NOTE: This file is used by Trace32 - So make sure to add decimals, i.e. 0x10-10=0, *but* 0x10-10.=6.-->
  <patch start_sector="19" byte_offset="40" physical_partition_number="0" size_in_bytes="8" value="NUM_DISK_SECTORS-34." filename="gpt_main0.bin" SECTOR_SIZE_IN_BYTES="512" what="Update last partition 69 'userdata' with actual size in Primary Header."/>
  <patch start_sector="19" byte_offset="40" physical_partition_number="0" size_in_bytes="8" value="NUM_DISK_SECTORS-34." filename="DISK" SECTOR_SIZE_IN_BYTES="512" what="Update last partition 69 'userdata' with actual size in Primary Header."/>
  <patch start_sector="17" byte_offset="40" physical_partition_number="0" size_in_bytes="8" value="NUM_DISK_SECTORS-34." filename="gpt_backup0.bin" SECTOR_SIZE_IN_BYTES="512" what="Update last partition 69 'userdata' with actual size in Backup Header."/>
  <patch start_sector="NUM_DISK_SECTORS-16." byte_offset="40" physical_partition_number="0" size_in_bytes="8" value="NUM_DISK_SECTORS-34." filename="DISK" SECTOR_SIZE_IN_BYTES="512" what="Update last partition 69 'userdata' with actual size in Backup Header."/>
  <patch start_sector="1" byte_offset="48" physical_partition_number="0" size_in_bytes="8" value="NUM_DISK_SECTORS-34." filename="gpt_main0.bin" SECTOR_SIZE_IN_BYTES="512" what="Update Primary Header with LastUseableLBA."/>
  <patch start_sector="1" byte_offset="48" physical_partition_number="0" size_in_bytes="8" value="NUM_DISK_SECTORS-34." filename="DISK" SECTOR_SIZE_IN_BYTES="512" what="Update Primary Header with LastUseableLBA."/>
  <patch start_sector="32" byte_offset="48" physical_partition_number="0" size_in_bytes="8" value="NUM_DISK_SECTORS-34." filename="gpt_backup0.bin" SECTOR_SIZE_IN_BYTES="512" what="Update Backup Header with LastUseableLBA."/>
  <patch start_sector="NUM_DISK_SECTORS-1." byte_offset="48" physical_partition_number="0" size_in_bytes="8" value="NUM_DISK_SECTORS-34." filename="DISK" SECTOR_SIZE_IN_BYTES="512" what="Update Backup Header with LastUseableLBA."/>
  <patch start_sector="1" byte_offset="32" physical_partition_number="0" size_in_bytes="8" value="NUM_DISK_SECTORS-1." filename="gpt_main0.bin" SECTOR_SIZE_IN_BYTES="512" what="Update Primary Header with BackupGPT Header Location."/>
  <patch start_sector="1" byte_offset="32" physical_partition_number="0" size_in_bytes="8" value="NUM_DISK_SECTORS-1." filename="DISK" SECTOR_SIZE_IN_BYTES="512" what="Update Primary Header with BackupGPT Header Location."/>
  <patch start_sector="32" byte_offset="24" physical_partition_number="0" size_in_bytes="8" value="NUM_DISK_SECTORS-1." filename="gpt_backup0.bin" SECTOR_SIZE_IN_BYTES="512" what="Update Backup Header with CurrentLBA."/>
  <patch start_sector="NUM_DISK_SECTORS-1." byte_offset="24" physical_partition_number="0" size_in_bytes="8" value="NUM_DISK_SECTORS-1." filename="DISK" SECTOR_SIZE_IN_BYTES="512" what="Update Backup Header with CurrentLBA."/>
  <patch start_sector="32" byte_offset="72" physical_partition_number="0" size_in_bytes="8" value="NUM_DISK_SECTORS-33." filename="gpt_backup0.bin" SECTOR_SIZE_IN_BYTES="512" what="Update Backup Header with Partition Array Location."/>
  <patch start_sector="NUM_DISK_SECTORS-1" byte_offset="72" physical_partition_number="0" size_in_bytes="8" value="NUM_DISK_SECTORS-33." filename="DISK" SECTOR_SIZE_IN_BYTES="512" what="Update Backup Header with Partition Array Location."/>
  <patch start_sector="1" byte_offset="88" physical_partition_number="0" size_in_bytes="4" value="CRC32(2,9216)" filename="gpt_main0.bin" SECTOR_SIZE_IN_BYTES="512" what="Update Primary Header with CRC of Partition Array."/>
  <patch start_sector="1" byte_offset="88" physical_partition_number="0" size_in_bytes="4" value="CRC32(2,9216)" filename="DISK" SECTOR_SIZE_IN_BYTES="512" what="Update Primary Header with CRC of Partition Array."/>
  <patch start_sector="32" byte_offset="88" physical_partition_number="0" size_in_bytes="4" value="CRC32(0,9216)" filename="gpt_backup0.bin" SECTOR_SIZE_IN_BYTES="512" what="Update Backup Header with CRC of Partition Array."/>
  <patch start_sector="NUM_DISK_SECTORS-1." byte_offset="88" physical_partition_number="0" size_in_bytes="4" value="CRC32(NUM_DISK_SECTORS-33.,9216)" filename="DISK" SECTOR_SIZE_IN_BYTES="512" what="Update Backup Header with CRC of Partition Array."/>
  <patch start_sector="1" byte_offset="16" physical_partition_number="0" size_in_bytes="4" value="0" filename="gpt_main0.bin" SECTOR_SIZE_IN_BYTES="512" what="Zero Out Header CRC in Primary Header."/>
  <patch start_sector="1" byte_offset="16" physical_partition_number="0" size_in_bytes="4" value="CRC32(1,92)" filename="gpt_main0.bin" SECTOR_SIZE_IN_BYTES="512" what="Update Primary Header with CRC of Primary Header."/>
  <patch start_sector="1" byte_offset="16" physical_partition_number="0" size_in_bytes="4" value="0" filename="DISK" SECTOR_SIZE_IN_BYTES="512" what="Zero Out Header CRC in Primary Header."/>
  <patch start_sector="1" byte_offset="16" physical_partition_number="0" size_in_bytes="4" value="CRC32(1,92)" filename="DISK" SECTOR_SIZE_IN_BYTES="512" what="Update Primary Header with CRC of Primary Header."/>
  <patch start_sector="32" byte_offset="16" physical_partition_number="0" size_in_bytes="4" value="0" filename="gpt_backup0.bin" SECTOR_SIZE_IN_BYTES="512" what="Zero Out Header CRC in Backup Header."/>
  <patch start_sector="32" byte_offset="16" physical_partition_number="0" size_in_bytes="4" value="CRC32(32,92)" filename="gpt_backup0.bin" SECTOR_SIZE_IN_BYTES="512" what="Update Backup Header with CRC of Backup Header."/>
  <patch start_sector="NUM_DISK_SECTORS-1." byte_offset="16" physical_partition_number="0" size_in_bytes="4" value="0" filename="DISK" SECTOR_SIZE_IN_BYTES="512" what="Zero Out Header CRC in Backup Header."/>
  <patch start_sector="NUM_DISK_SECTORS-1." byte_offset="16" physical_partition_number="0" size_in_bytes="4" value="CRC32(NUM_DISK_SECTORS-1.,92)" filename="DISK" SECTOR_SIZE_IN_BYTES="512" what="Update Backup Header with CRC of Backup Header."/>
</patches>
