<?xml version="1.0" ?>
<data>
  <!--NOTE: This is an ** Autogenerated file **-->
  <!--NOTE: Sector size is 512bytes-->
  <program start_sector="131072" size_in_KB="3584.0" physical_partition_number="0" partofsingleimage="false" file_sector_offset="0" num_partition_sectors="7168" readbackverify="false" filename="xbl.elf" sparse="false" start_byte_hex="0x4000000" SECTOR_SIZE_IN_BYTES="512" label="xbl_a"/>
  <program start_sector="138240" size_in_KB="3584.0" physical_partition_number="0" partofsingleimage="false" file_sector_offset="0" num_partition_sectors="7168" readbackverify="false" filename="xbl.elf" sparse="false" start_byte_hex="0x4380000" SECTOR_SIZE_IN_BYTES="512" label="xbl_b"/>
  <program start_sector="145408" size_in_KB="128.0" physical_partition_number="0" partofsingleimage="false" file_sector_offset="0" num_partition_sectors="256" readbackverify="false" filename="xbl_feature_config.elf" sparse="false" start_byte_hex="0x4700000" SECTOR_SIZE_IN_BYTES="512" label="xbl_config_a"/>
  <program start_sector="145664" size_in_KB="128.0" physical_partition_number="0" partofsingleimage="false" file_sector_offset="0" num_partition_sectors="256" readbackverify="false" filename="xbl_feature_config.elf" sparse="false" start_byte_hex="0x4720000" SECTOR_SIZE_IN_BYTES="512" label="xbl_config_b"/>
  <program start_sector="145920" size_in_KB="4096.0" physical_partition_number="0" partofsingleimage="false" file_sector_offset="0" num_partition_sectors="8192" readbackverify="false" filename="tz.mbn" sparse="false" start_byte_hex="0x4740000" SECTOR_SIZE_IN_BYTES="512" label="tz_a"/>
  <program start_sector="154112" size_in_KB="4096.0" physical_partition_number="0" partofsingleimage="false" file_sector_offset="0" num_partition_sectors="8192" readbackverify="false" filename="tz.mbn" sparse="false" start_byte_hex="0x4b40000" SECTOR_SIZE_IN_BYTES="512" label="tz_b"/>
  <program start_sector="162304" size_in_KB="512.0" physical_partition_number="0" partofsingleimage="false" file_sector_offset="0" num_partition_sectors="1024" readbackverify="false" filename="rpm.mbn" sparse="false" start_byte_hex="0x4f40000" SECTOR_SIZE_IN_BYTES="512" label="rpm_a"/>
  <program start_sector="163328" size_in_KB="512.0" physical_partition_number="0" partofsingleimage="false" file_sector_offset="0" num_partition_sectors="1024" readbackverify="false" filename="rpm.mbn" sparse="false" start_byte_hex="0x4fc0000" SECTOR_SIZE_IN_BYTES="512" label="rpm_b"/>
  <program start_sector="164352" size_in_KB="512.0" physical_partition_number="0" partofsingleimage="false" file_sector_offset="0" num_partition_sectors="1024" readbackverify="false" filename="hyp.mbn" sparse="false" start_byte_hex="0x5040000" SECTOR_SIZE_IN_BYTES="512" label="hyp_a"/>
  <program start_sector="165376" size_in_KB="512.0" physical_partition_number="0" partofsingleimage="false" file_sector_offset="0" num_partition_sectors="1024" readbackverify="false" filename="hyp.mbn" sparse="false" start_byte_hex="0x50c0000" SECTOR_SIZE_IN_BYTES="512" label="hyp_b"/>
  <program start_sector="166400" size_in_KB="4096.0" physical_partition_number="0" partofsingleimage="false" file_sector_offset="0" num_partition_sectors="8192" readbackverify="false" filename="boot.img" sparse="false" start_byte_hex="0x5140000" SECTOR_SIZE_IN_BYTES="512" label="boot_a"/>
  <program start_sector="174592" size_in_KB="4096.0" physical_partition_number="0" partofsingleimage="false" file_sector_offset="0" num_partition_sectors="8192" readbackverify="false" filename="boot.img" sparse="false" start_byte_hex="0x5540000" SECTOR_SIZE_IN_BYTES="512" label="boot_b"/>
  <program start_sector="182784" size_in_KB="8192.0" physical_partition_number="0" partofsingleimage="false" file_sector_offset="0" num_partition_sectors="16384" readbackverify="false" filename="" sparse="false" start_byte_hex="0x5940000" SECTOR_SIZE_IN_BYTES="512" label="uefi_a"/>
  <program start_sector="199168" size_in_KB="8192.0" physical_partition_number="0" partofsingleimage="false" file_sector_offset="0" num_partition_sectors="16384" readbackverify="false" filename="" sparse="false" start_byte_hex="0x6140000" SECTOR_SIZE_IN_BYTES="512" label="uefi_b"/>
  <program start_sector="215552" size_in_KB="1024.0" physical_partition_number="0" partofsingleimage="false" file_sector_offset="0" num_partition_sectors="2048" readbackverify="false" filename="" sparse="false" start_byte_hex="0x6940000" SECTOR_SIZE_IN_BYTES="512" label="uefi_dtb_a"/>
  <program start_sector="217600" size_in_KB="1024.0" physical_partition_number="0" partofsingleimage="false" file_sector_offset="0" num_partition_sectors="2048" readbackverify="false" filename="" sparse="false" start_byte_hex="0x6a40000" SECTOR_SIZE_IN_BYTES="512" label="uefi_dtb_b"/>
  <program start_sector="219648" size_in_KB="4.0" physical_partition_number="0" partofsingleimage="false" file_sector_offset="0" num_partition_sectors="8" readbackverify="false" filename="" sparse="false" start_byte_hex="0x6b40000" SECTOR_SIZE_IN_BYTES="512" label="recoveryinfo"/>
  <program start_sector="219656" size_in_KB="512.0" physical_partition_number="0" partofsingleimage="false" file_sector_offset="0" num_partition_sectors="1024" readbackverify="false" filename="km4.mbn" sparse="false" start_byte_hex="0x6b41000" SECTOR_SIZE_IN_BYTES="512" label="keymaster_a"/>
  <program start_sector="220680" size_in_KB="512.0" physical_partition_number="0" partofsingleimage="false" file_sector_offset="0" num_partition_sectors="1024" readbackverify="false" filename="km4.mbn" sparse="false" start_byte_hex="0x6bc1000" SECTOR_SIZE_IN_BYTES="512" label="keymaster_b"/>
  <program start_sector="221704" size_in_KB="4096.0" physical_partition_number="0" partofsingleimage="false" file_sector_offset="0" num_partition_sectors="8192" readbackverify="false" filename="" sparse="false" start_byte_hex="0x6c41000" SECTOR_SIZE_IN_BYTES="512" label="mdtpsecapp_a"/>
  <program start_sector="229896" size_in_KB="4096.0" physical_partition_number="0" partofsingleimage="false" file_sector_offset="0" num_partition_sectors="8192" readbackverify="false" filename="" sparse="false" start_byte_hex="0x7041000" SECTOR_SIZE_IN_BYTES="512" label="mdtpsecapp_b"/>
  <program start_sector="238088" size_in_KB="32768.0" physical_partition_number="0" partofsingleimage="false" file_sector_offset="0" num_partition_sectors="65536" readbackverify="false" filename="" sparse="false" start_byte_hex="0x7441000" SECTOR_SIZE_IN_BYTES="512" label="mdtp_a"/>
  <program start_sector="303624" size_in_KB="32768.0" physical_partition_number="0" partofsingleimage="false" file_sector_offset="0" num_partition_sectors="65536" readbackverify="false" filename="" sparse="false" start_byte_hex="0x9441000" SECTOR_SIZE_IN_BYTES="512" label="mdtp_b"/>
  <program start_sector="369160" size_in_KB="1024.0" physical_partition_number="0" partofsingleimage="false" file_sector_offset="0" num_partition_sectors="2048" readbackverify="false" filename="abl.elf" sparse="false" start_byte_hex="0xb441000" SECTOR_SIZE_IN_BYTES="512" label="abl_a"/>
  <program start_sector="371208" size_in_KB="1024.0" physical_partition_number="0" partofsingleimage="false" file_sector_offset="0" num_partition_sectors="2048" readbackverify="false" filename="abl.elf" sparse="false" start_byte_hex="0xb541000" SECTOR_SIZE_IN_BYTES="512" label="abl_b"/>
  <program start_sector="373256" size_in_KB="1024.0" physical_partition_number="0" partofsingleimage="false" file_sector_offset="0" num_partition_sectors="2048" readbackverify="false" filename="" sparse="false" start_byte_hex="0xb641000" SECTOR_SIZE_IN_BYTES="512" label="ddr_a"/>
  <program start_sector="375304" size_in_KB="1024.0" physical_partition_number="0" partofsingleimage="false" file_sector_offset="0" num_partition_sectors="2048" readbackverify="false" filename="" sparse="false" start_byte_hex="0xb741000" SECTOR_SIZE_IN_BYTES="512" label="ddr_b"/>
  <program start_sector="377352" size_in_KB="8.0" physical_partition_number="0" partofsingleimage="false" file_sector_offset="0" num_partition_sectors="16" readbackverify="false" filename="" sparse="false" start_byte_hex="0xb841000" SECTOR_SIZE_IN_BYTES="512" label="ssd"/>
  <program start_sector="377368" size_in_KB="2048.0" physical_partition_number="0" partofsingleimage="false" file_sector_offset="0" num_partition_sectors="4096" readbackverify="false" filename="imagefv.elf" sparse="false" start_byte_hex="0xb843000" SECTOR_SIZE_IN_BYTES="512" label="imagefv_a"/>
  <program start_sector="381464" size_in_KB="2048.0" physical_partition_number="0" partofsingleimage="false" file_sector_offset="0" num_partition_sectors="4096" readbackverify="false" filename="imagefv.elf" sparse="false" start_byte_hex="0xba43000" SECTOR_SIZE_IN_BYTES="512" label="imagefv_b"/>
  <program start_sector="385560" size_in_KB="2048.0" physical_partition_number="0" partofsingleimage="false" file_sector_offset="0" num_partition_sectors="4096" readbackverify="false" filename="uefi_sec.mbn" sparse="false" start_byte_hex="0xbc43000" SECTOR_SIZE_IN_BYTES="512" label="uefisecapp_a"/>
  <program start_sector="389656" size_in_KB="2048.0" physical_partition_number="0" partofsingleimage="false" file_sector_offset="0" num_partition_sectors="4096" readbackverify="false" filename="uefi_sec.mbn" sparse="false" start_byte_hex="0xbe43000" SECTOR_SIZE_IN_BYTES="512" label="uefisecapp_b"/>
  <program start_sector="393752" size_in_KB="32768.0" physical_partition_number="0" partofsingleimage="false" file_sector_offset="0" num_partition_sectors="65536" readbackverify="false" filename="" sparse="false" start_byte_hex="0xc043000" SECTOR_SIZE_IN_BYTES="512" label="persist"/>
  <program start_sector="459288" size_in_KB="1024.0" physical_partition_number="0" partofsingleimage="false" file_sector_offset="0" num_partition_sectors="2048" readbackverify="false" filename="" sparse="false" start_byte_hex="0xe043000" SECTOR_SIZE_IN_BYTES="512" label="misc"/>
  <program start_sector="461336" size_in_KB="1024.0" physical_partition_number="0" partofsingleimage="false" file_sector_offset="0" num_partition_sectors="2048" readbackverify="false" filename="zeros_33sectors.bin" sparse="false" start_byte_hex="0xe143000" SECTOR_SIZE_IN_BYTES="512" label="misc_boot"/>
  <program start_sector="463384" size_in_KB="512.0" physical_partition_number="0" partofsingleimage="false" file_sector_offset="0" num_partition_sectors="1024" readbackverify="false" filename="" sparse="false" start_byte_hex="0xe243000" SECTOR_SIZE_IN_BYTES="512" label="keystore"/>
  <program start_sector="464408" size_in_KB="128.0" physical_partition_number="0" partofsingleimage="false" file_sector_offset="0" num_partition_sectors="256" readbackverify="false" filename="devcfg.mbn" sparse="false" start_byte_hex="0xe2c3000" SECTOR_SIZE_IN_BYTES="512" label="devcfg_a"/>
  <program start_sector="464664" size_in_KB="128.0" physical_partition_number="0" partofsingleimage="false" file_sector_offset="0" num_partition_sectors="256" readbackverify="false" filename="devcfg.mbn" sparse="false" start_byte_hex="0xe2e3000" SECTOR_SIZE_IN_BYTES="512" label="devcfg_b"/>
  <program start_sector="464920" size_in_KB="128.0" physical_partition_number="0" partofsingleimage="false" file_sector_offset="0" num_partition_sectors="256" readbackverify="false" filename="featenabler.mbn" sparse="false" start_byte_hex="0xe303000" SECTOR_SIZE_IN_BYTES="512" label="featenabler_a"/>
  <program start_sector="465176" size_in_KB="128.0" physical_partition_number="0" partofsingleimage="false" file_sector_offset="0" num_partition_sectors="256" readbackverify="false" filename="featenabler.mbn" sparse="false" start_byte_hex="0xe323000" SECTOR_SIZE_IN_BYTES="512" label="featenabler_b"/>
  <program start_sector="465432" size_in_KB="64.0" physical_partition_number="0" partofsingleimage="false" file_sector_offset="0" num_partition_sectors="128" readbackverify="false" filename="qupv3fw.elf" sparse="false" start_byte_hex="0xe343000" SECTOR_SIZE_IN_BYTES="512" label="qupfw_a"/>
  <program start_sector="465560" size_in_KB="64.0" physical_partition_number="0" partofsingleimage="false" file_sector_offset="0" num_partition_sectors="128" readbackverify="false" filename="qupv3fw.elf" sparse="false" start_byte_hex="0xe353000" SECTOR_SIZE_IN_BYTES="512" label="qupfw_b"/>
  <program start_sector="465688" size_in_KB="512.0" physical_partition_number="0" partofsingleimage="false" file_sector_offset="0" num_partition_sectors="1024" readbackverify="false" filename="" sparse="false" start_byte_hex="0xe363000" SECTOR_SIZE_IN_BYTES="512" label="frp"/>
  <program start_sector="466712" size_in_KB="131072.0" physical_partition_number="0" partofsingleimage="false" file_sector_offset="0" num_partition_sectors="262144" readbackverify="false" filename="" sparse="false" start_byte_hex="0xe3e3000" SECTOR_SIZE_IN_BYTES="512" label="rawdump"/>
  <program start_sector="728856" size_in_KB="4.0" physical_partition_number="0" partofsingleimage="false" file_sector_offset="0" num_partition_sectors="8" readbackverify="false" filename="" sparse="false" start_byte_hex="0x163e3000" SECTOR_SIZE_IN_BYTES="512" label="devinfo"/>
  <program start_sector="728864" size_in_KB="1024.0" physical_partition_number="0" partofsingleimage="false" file_sector_offset="0" num_partition_sectors="2048" readbackverify="false" filename="" sparse="false" start_byte_hex="0x163e4000" SECTOR_SIZE_IN_BYTES="512" label="dip"/>
  <program start_sector="730912" size_in_KB="256.0" physical_partition_number="0" partofsingleimage="false" file_sector_offset="0" num_partition_sectors="512" readbackverify="false" filename="zeros_33sectors.bin" sparse="false" start_byte_hex="0x164e4000" SECTOR_SIZE_IN_BYTES="512" label="apdp"/>
  <program start_sector="731424" size_in_KB="8192.0" physical_partition_number="0" partofsingleimage="false" file_sector_offset="0" num_partition_sectors="16384" readbackverify="false" filename="" sparse="false" start_byte_hex="0x16524000" SECTOR_SIZE_IN_BYTES="512" label="spunvm"/>
  <program start_sector="747808" size_in_KB="33424.0" physical_partition_number="0" partofsingleimage="false" file_sector_offset="0" num_partition_sectors="66848" readbackverify="false" filename="" sparse="false" start_byte_hex="0x16d24000" SECTOR_SIZE_IN_BYTES="512" label="splash"/>
  <program start_sector="814656" size_in_KB="4.0" physical_partition_number="0" partofsingleimage="false" file_sector_offset="0" num_partition_sectors="8" readbackverify="false" filename="" sparse="false" start_byte_hex="0x18dc8000" SECTOR_SIZE_IN_BYTES="512" label="limits"/>
  <program start_sector="814664" size_in_KB="1024.0" physical_partition_number="0" partofsingleimage="false" file_sector_offset="0" num_partition_sectors="2048" readbackverify="false" filename="" sparse="false" start_byte_hex="0x18dc9000" SECTOR_SIZE_IN_BYTES="512" label="toolsfv"/>
  <program start_sector="816712" size_in_KB="8192.0" physical_partition_number="0" partofsingleimage="false" file_sector_offset="0" num_partition_sectors="16384" readbackverify="false" filename="" sparse="false" start_byte_hex="0x18ec9000" SECTOR_SIZE_IN_BYTES="512" label="logfs"/>
  <program start_sector="833096" size_in_KB="2048.0" physical_partition_number="0" partofsingleimage="false" file_sector_offset="0" num_partition_sectors="4096" readbackverify="false" filename="" sparse="false" start_byte_hex="0x196c9000" SECTOR_SIZE_IN_BYTES="512" label="cateloader"/>
  <program start_sector="837192" size_in_KB="65536.0" physical_partition_number="0" partofsingleimage="false" file_sector_offset="0" num_partition_sectors="131072" readbackverify="false" filename="" sparse="false" start_byte_hex="0x198c9000" SECTOR_SIZE_IN_BYTES="512" label="logdump"/>
  <program start_sector="968264" size_in_KB="128.0" physical_partition_number="0" partofsingleimage="false" file_sector_offset="0" num_partition_sectors="256" readbackverify="false" filename="storsec.mbn" sparse="false" start_byte_hex="0x1d8c9000" SECTOR_SIZE_IN_BYTES="512" label="storsec"/>
  <program start_sector="968520" size_in_KB="32.0" physical_partition_number="0" partofsingleimage="false" file_sector_offset="0" num_partition_sectors="64" readbackverify="false" filename="multi_image.mbn" sparse="false" start_byte_hex="0x1d8e9000" SECTOR_SIZE_IN_BYTES="512" label="multiimgoem_a"/>
  <program start_sector="968584" size_in_KB="32.0" physical_partition_number="0" partofsingleimage="false" file_sector_offset="0" num_partition_sectors="64" readbackverify="false" filename="multi_image.mbn" sparse="false" start_byte_hex="0x1d8f1000" SECTOR_SIZE_IN_BYTES="512" label="multiimgoem_b"/>
  <program start_sector="968648" size_in_KB="32.0" physical_partition_number="0" partofsingleimage="false" file_sector_offset="0" num_partition_sectors="64" readbackverify="false" filename="" sparse="false" start_byte_hex="0x1d8f9000" SECTOR_SIZE_IN_BYTES="512" label="multiimgqti"/>
  <program start_sector="968712" size_in_KB="25.0" physical_partition_number="0" partofsingleimage="false" file_sector_offset="0" num_partition_sectors="50" readbackverify="false" filename="" sparse="false" start_byte_hex="0x1d901000" SECTOR_SIZE_IN_BYTES="512" label="secdata"/>
  <program start_sector="968768" size_in_KB="512.0" physical_partition_number="0" partofsingleimage="false" file_sector_offset="0" num_partition_sectors="1024" readbackverify="false" filename="" sparse="false" start_byte_hex="0x1d908000" SECTOR_SIZE_IN_BYTES="512" label="catefv"/>
  <program start_sector="969792" size_in_KB="1024.0" physical_partition_number="0" partofsingleimage="false" file_sector_offset="0" num_partition_sectors="2048" readbackverify="false" filename="" sparse="false" start_byte_hex="0x1d988000" SECTOR_SIZE_IN_BYTES="512" label="catecontentfv"/>
  <program start_sector="971840" size_in_KB="512.0" physical_partition_number="0" partofsingleimage="false" file_sector_offset="0" num_partition_sectors="1024" readbackverify="false" filename="" sparse="false" start_byte_hex="0x1da88000" SECTOR_SIZE_IN_BYTES="512" label="uefivarstore"/>
  <program start_sector="972864" size_in_KB="2048.0" physical_partition_number="0" partofsingleimage="false" file_sector_offset="0" num_partition_sectors="4096" readbackverify="false" filename="" sparse="false" start_byte_hex="0x1db08000" SECTOR_SIZE_IN_BYTES="512" label="modemst1"/>
  <program start_sector="976960" size_in_KB="2048.0" physical_partition_number="0" partofsingleimage="false" file_sector_offset="0" num_partition_sectors="4096" readbackverify="false" filename="" sparse="false" start_byte_hex="0x1dd08000" SECTOR_SIZE_IN_BYTES="512" label="modemst2"/>
  <program start_sector="981056" size_in_KB="2048.0" physical_partition_number="0" partofsingleimage="false" file_sector_offset="0" num_partition_sectors="4096" readbackverify="false" filename="" sparse="false" start_byte_hex="0x1df08000" SECTOR_SIZE_IN_BYTES="512" label="fsg"/>
  <program start_sector="985152" size_in_KB="128.0" physical_partition_number="0" partofsingleimage="false" file_sector_offset="0" num_partition_sectors="256" readbackverify="false" filename="" sparse="false" start_byte_hex="0x1e108000" SECTOR_SIZE_IN_BYTES="512" label="fsc"/>
  <program start_sector="985408" size_in_KB="524288.0" physical_partition_number="0" partofsingleimage="false" file_sector_offset="0" num_partition_sectors="1048576" readbackverify="false" filename="efi.bin" sparse="false" start_byte_hex="0x1e128000" SECTOR_SIZE_IN_BYTES="512" label="efi"/>
  <program start_sector="2033984" size_in_KB="10460284.0" physical_partition_number="0" partofsingleimage="false" file_sector_offset="0" num_partition_sectors="20920568" readbackverify="false" filename="rootfs.img" sparse="false" start_byte_hex="0x3e128000" SECTOR_SIZE_IN_BYTES="512" label="rootfs"/>
  <program start_sector="0" size_in_KB="17.0" physical_partition_number="0" partofsingleimage="true" file_sector_offset="0" num_partition_sectors="34" readbackverify="false" filename="gpt_main0.bin" sparse="false" start_byte_hex="0x0" SECTOR_SIZE_IN_BYTES="512" label="PrimaryGPT"/>
  <program start_sector="NUM_DISK_SECTORS-33." size_in_KB="16.5" physical_partition_number="0" partofsingleimage="true" file_sector_offset="0" num_partition_sectors="33" readbackverify="false" filename="gpt_backup0.bin" sparse="false" start_byte_hex="(512*NUM_DISK_SECTORS)-16896." SECTOR_SIZE_IN_BYTES="512" label="BackupGPT"/>
</data>
